"","empo_3","Phylum","Abundance","Rreq"
"1","Aerosol (non-saline)","Acidobacteria",65715,"0.8%"
"2","Aerosol (non-saline)","Actinobacteria",718035,"8.73%"
"3","Aerosol (non-saline)","Aerophobetes",3,"0%"
"4","Aerosol (non-saline)","Aminicenantes",114,"0%"
"5","Aerosol (non-saline)","aquifer1",2131,"0.03%"
"6","Aerosol (non-saline)","Armatimonadetes",7036,"0.09%"
"7","Aerosol (non-saline)","Atribacteria",171,"0%"
"8","Aerosol (non-saline)","Bacteroidetes",825065,"10.03%"
"9","Aerosol (non-saline)","Caldiserica",3,"0%"
"10","Aerosol (non-saline)","Candidate division OP3",149,"0%"
"11","Aerosol (non-saline)","Candidate division SR1",3317,"0.04%"
"12","Aerosol (non-saline)","Chlamydiae",571,"0.01%"
"13","Aerosol (non-saline)","Chlorobi",645,"0.01%"
"14","Aerosol (non-saline)","Chloroflexi",22528,"0.27%"
"15","Aerosol (non-saline)","Cloacimonetes",349,"0%"
"16","Aerosol (non-saline)","Cyanobacteria",1425687,"17.33%"
"17","Aerosol (non-saline)","Deferribacteres",12,"0%"
"18","Aerosol (non-saline)","Deinococcus-Thermus",2993,"0.04%"
"19","Aerosol (non-saline)","Elusimicrobia",759,"0.01%"
"20","Aerosol (non-saline)","Euryarchaeota",6509,"0.08%"
"21","Aerosol (non-saline)","Fibrobacteres",2681,"0.03%"
"22","Aerosol (non-saline)","Firmicutes",2384579,"28.98%"
"23","Aerosol (non-saline)","Fusobacteria",71051,"0.86%"
"24","Aerosol (non-saline)","GAL08",1,"0%"
"25","Aerosol (non-saline)","Gemmatimonadetes",17409,"0.21%"
"26","Aerosol (non-saline)","Gracilibacteria",13,"0%"
"27","Aerosol (non-saline)","Hyd24-12",11,"0%"
"28","Aerosol (non-saline)","Hydrogenedentes",195,"0%"
"29","Aerosol (non-saline)","JL-ETNP-Z39",28,"0%"
"30","Aerosol (non-saline)","Latescibacteria",189,"0%"
"31","Aerosol (non-saline)","Lentisphaerae",2958,"0.04%"
"32","Aerosol (non-saline)","Marinimicrobia (SAR406 clade)",498,"0.01%"
"33","Aerosol (non-saline)","Microgenomates",3,"0%"
"34","Aerosol (non-saline)","Miscellaneous Crenarchaeotic Group",15,"0%"
"35","Aerosol (non-saline)","Nitrospirae",2424,"0.03%"
"36","Aerosol (non-saline)","Omnitrophica",3,"0%"
"37","Aerosol (non-saline)","Parcubacteria",660,"0.01%"
"38","Aerosol (non-saline)","PAUC34f",2,"0%"
"39","Aerosol (non-saline)","Planctomycetes",17895,"0.22%"
"40","Aerosol (non-saline)","Proteobacteria",2538308,"30.85%"
"41","Aerosol (non-saline)","Saccharibacteria",2235,"0.03%"
"42","Aerosol (non-saline)","SHA-109",335,"0%"
"43","Aerosol (non-saline)","SM2F11",5,"0%"
"44","Aerosol (non-saline)","Spirochaetae",14928,"0.18%"
"45","Aerosol (non-saline)","Synergistetes",1844,"0.02%"
"46","Aerosol (non-saline)","TA06",9,"0%"
"47","Aerosol (non-saline)","Tenericutes",14461,"0.18%"
"48","Aerosol (non-saline)","Thaumarchaeota",6196,"0.08%"
"49","Aerosol (non-saline)","Thermotogae",5877,"0.07%"
"50","Aerosol (non-saline)","TM6",970,"0.01%"
"51","Aerosol (non-saline)","uncultured archaeon",1,"0%"
"52","Aerosol (non-saline)","Verrucomicrobia",59161,"0.72%"
"53","Aerosol (non-saline)","WCHB1-60",9,"0%"
"54","Aerosol (non-saline)","WD272",1656,"0.02%"
"55","Aerosol (non-saline)","Woesearchaeota (DHVEG-6)",2,"0%"
"56","Animal corpus","Acetothermia",47,"0%"
"57","Animal corpus","Acidobacteria",33383,"0.65%"
"58","Animal corpus","Actinobacteria",940836,"18.35%"
"59","Animal corpus","Aerophobetes",243,"0%"
"60","Animal corpus","Aminicenantes",244,"0%"
"61","Animal corpus","aquifer1",23,"0%"
"62","Animal corpus","Aquificae",12,"0%"
"63","Animal corpus","Armatimonadetes",2576,"0.05%"
"64","Animal corpus","Atribacteria",1014,"0.02%"
"65","Animal corpus","Bacteroidetes",265073,"5.17%"
"66","Animal corpus","Caldiserica",2,"0%"
"67","Animal corpus","Candidate division OP3",118,"0%"
"68","Animal corpus","Candidate division SR1",58,"0%"
"69","Animal corpus","Chlamydiae",114,"0%"
"70","Animal corpus","Chlorobi",926,"0.02%"
"71","Animal corpus","Chloroflexi",2474,"0.05%"
"72","Animal corpus","Cyanobacteria",123478,"2.41%"
"73","Animal corpus","Deferribacteres",52,"0%"
"74","Animal corpus","Deinococcus-Thermus",474,"0.01%"
"75","Animal corpus","Elusimicrobia",17,"0%"
"76","Animal corpus","Euryarchaeota",416,"0.01%"
"77","Animal corpus","Fibrobacteres",58,"0%"
"78","Animal corpus","Firmicutes",540593,"10.54%"
"79","Animal corpus","Fusobacteria",9791,"0.19%"
"80","Animal corpus","Gemmatimonadetes",2488,"0.05%"
"81","Animal corpus","GOUTA4",10,"0%"
"82","Animal corpus","Gracilibacteria",7,"0%"
"83","Animal corpus","Hyd24-12",54,"0%"
"84","Animal corpus","Hydrogenedentes",40,"0%"
"85","Animal corpus","JL-ETNP-Z39",20,"0%"
"86","Animal corpus","Latescibacteria",12,"0%"
"87","Animal corpus","LCP-89",8,"0%"
"88","Animal corpus","Lentisphaerae",29,"0%"
"89","Animal corpus","Marinimicrobia (SAR406 clade)",920,"0.02%"
"90","Animal corpus","Microgenomates",3,"0%"
"91","Animal corpus","Miscellaneous Crenarchaeotic Group",4,"0%"
"92","Animal corpus","Nitrospirae",268,"0.01%"
"93","Animal corpus","Parcubacteria",35,"0%"
"94","Animal corpus","Planctomycetes",1799,"0.04%"
"95","Animal corpus","Proteobacteria",3180203,"62.02%"
"96","Animal corpus","Saccharibacteria",181,"0%"
"97","Animal corpus","SHA-109",12,"0%"
"98","Animal corpus","SM2F11",12,"0%"
"99","Animal corpus","Spirochaetae",544,"0.01%"
"100","Animal corpus","Synergistetes",163,"0%"
"101","Animal corpus","TA06",6,"0%"
"102","Animal corpus","Tenericutes",7571,"0.15%"
"103","Animal corpus","Thaumarchaeota",584,"0.01%"
"104","Animal corpus","Thermotogae",39,"0%"
"105","Animal corpus","TM6",137,"0%"
"106","Animal corpus","Verrucomicrobia",10794,"0.21%"
"107","Animal corpus","WCHB1-60",16,"0%"
"108","Animal corpus","WD272",2,"0%"
"109","Animal corpus","Woesearchaeota (DHVEG-6)",1,"0%"
"110","Animal distal gut","Acidobacteria",1368,"0.02%"
"111","Animal distal gut","Actinobacteria",255935,"2.81%"
"112","Animal distal gut","Aerophobetes",1,"0%"
"113","Animal distal gut","Aminicenantes",6,"0%"
"114","Animal distal gut","aquifer1",17,"0%"
"115","Animal distal gut","Armatimonadetes",306,"0%"
"116","Animal distal gut","Bacteroidetes",1915725,"21.05%"
"117","Animal distal gut","Caldiserica",6,"0%"
"118","Animal distal gut","Candidate division OP3",2,"0%"
"119","Animal distal gut","Candidate division SR1",8,"0%"
"120","Animal distal gut","Chlamydiae",78,"0%"
"121","Animal distal gut","Chlorobi",33,"0%"
"122","Animal distal gut","Chloroflexi",2520,"0.03%"
"123","Animal distal gut","CKC4",1039,"0.01%"
"124","Animal distal gut","Cyanobacteria",173918,"1.91%"
"125","Animal distal gut","Deferribacteres",42,"0%"
"126","Animal distal gut","Deinococcus-Thermus",306,"0%"
"127","Animal distal gut","Elusimicrobia",1639,"0.02%"
"128","Animal distal gut","Euryarchaeota",29710,"0.33%"
"129","Animal distal gut","Fibrobacteres",3715,"0.04%"
"130","Animal distal gut","Firmicutes",3899629,"42.84%"
"131","Animal distal gut","Fusobacteria",127764,"1.4%"
"132","Animal distal gut","Gemmatimonadetes",117,"0%"
"133","Animal distal gut","Gracilibacteria",252,"0%"
"134","Animal distal gut","Hydrogenedentes",13,"0%"
"135","Animal distal gut","Kazan-3B-09",1,"0%"
"136","Animal distal gut","Latescibacteria",19,"0%"
"137","Animal distal gut","Lentisphaerae",15139,"0.17%"
"138","Animal distal gut","Marinimicrobia (SAR406 clade)",98,"0%"
"139","Animal distal gut","Microgenomates",9,"0%"
"140","Animal distal gut","Miscellaneous Crenarchaeotic Group",1,"0%"
"141","Animal distal gut","Nitrospirae",82,"0%"
"142","Animal distal gut","Omnitrophica",1,"0%"
"143","Animal distal gut","Parcubacteria",9,"0%"
"144","Animal distal gut","Planctomycetes",17076,"0.19%"
"145","Animal distal gut","Proteobacteria",2414998,"26.53%"
"146","Animal distal gut","RsaHF231",41,"0%"
"147","Animal distal gut","Saccharibacteria",391,"0%"
"148","Animal distal gut","SHA-109",273,"0%"
"149","Animal distal gut","Spirochaetae",45267,"0.5%"
"150","Animal distal gut","Synergistetes",1914,"0.02%"
"151","Animal distal gut","TA06",2,"0%"
"152","Animal distal gut","Tenericutes",93010,"1.02%"
"153","Animal distal gut","Thaumarchaeota",107,"0%"
"154","Animal distal gut","TM6",49,"0%"
"155","Animal distal gut","Verrucomicrobia",99716,"1.1%"
"156","Animal distal gut","WCHB1-60",27,"0%"
"157","Animal distal gut","WD272",4,"0%"
"158","Animal distal gut","Woesearchaeota (DHVEG-6)",2,"0%"
"159","Animal proximal gut","Acidobacteria",2004,"0.03%"
"160","Animal proximal gut","Actinobacteria",522437,"6.87%"
"161","Animal proximal gut","aquifer1",43,"0%"
"162","Animal proximal gut","Aquificae",5,"0%"
"163","Animal proximal gut","Armatimonadetes",91,"0%"
"164","Animal proximal gut","Bacteroidetes",1588077,"20.87%"
"165","Animal proximal gut","Caldiserica",4,"0%"
"166","Animal proximal gut","Candidate division OP3",1,"0%"
"167","Animal proximal gut","Candidate division SR1",282,"0%"
"168","Animal proximal gut","Chlamydiae",78,"0%"
"169","Animal proximal gut","Chlorobi",38,"0%"
"170","Animal proximal gut","Chloroflexi",1631,"0.02%"
"171","Animal proximal gut","Cyanobacteria",198842,"2.61%"
"172","Animal proximal gut","Deferribacteres",112,"0%"
"173","Animal proximal gut","Deinococcus-Thermus",548,"0.01%"
"174","Animal proximal gut","Elusimicrobia",52,"0%"
"175","Animal proximal gut","Euryarchaeota",15879,"0.21%"
"176","Animal proximal gut","Fibrobacteres",14306,"0.19%"
"177","Animal proximal gut","Firmicutes",3358560,"44.14%"
"178","Animal proximal gut","Fusobacteria",11470,"0.15%"
"179","Animal proximal gut","Gemmatimonadetes",601,"0.01%"
"180","Animal proximal gut","Gracilibacteria",32,"0%"
"181","Animal proximal gut","Hydrogenedentes",3,"0%"
"182","Animal proximal gut","Latescibacteria",3,"0%"
"183","Animal proximal gut","Lentisphaerae",9934,"0.13%"
"184","Animal proximal gut","Marinimicrobia (SAR406 clade)",2,"0%"
"185","Animal proximal gut","Nitrospirae",39,"0%"
"186","Animal proximal gut","Omnitrophica",8,"0%"
"187","Animal proximal gut","Parcubacteria",5,"0%"
"188","Animal proximal gut","PAUC34f",1,"0%"
"189","Animal proximal gut","Planctomycetes",89883,"1.18%"
"190","Animal proximal gut","Proteobacteria",1371070,"18.02%"
"191","Animal proximal gut","Saccharibacteria",57,"0%"
"192","Animal proximal gut","SHA-109",337,"0%"
"193","Animal proximal gut","SM2F11",1,"0%"
"194","Animal proximal gut","Spirochaetae",137338,"1.8%"
"195","Animal proximal gut","Synergistetes",2241,"0.03%"
"196","Animal proximal gut","Tenericutes",21776,"0.29%"
"197","Animal proximal gut","Thaumarchaeota",568,"0.01%"
"198","Animal proximal gut","Thermotogae",4,"0%"
"199","Animal proximal gut","TM6",56,"0%"
"200","Animal proximal gut","Verrucomicrobia",261203,"3.43%"
"201","Animal proximal gut","WCHB1-60",5,"0%"
"202","Animal proximal gut","WD272",80,"0%"
"203","Animal proximal gut","Woesearchaeota (DHVEG-6)",35,"0%"
"204","Animal secretion","Acidobacteria",7412,"0.1%"
"205","Animal secretion","Actinobacteria",750903,"10.03%"
"206","Animal secretion","Aerophobetes",1,"0%"
"207","Animal secretion","Aminicenantes",32,"0%"
"208","Animal secretion","aquifer1",7206,"0.1%"
"209","Animal secretion","Armatimonadetes",604,"0.01%"
"210","Animal secretion","Bacteroidetes",982127,"13.12%"
"211","Animal secretion","Candidate division OP3",2,"0%"
"212","Animal secretion","Candidate division SR1",4813,"0.06%"
"213","Animal secretion","Chlamydiae",781,"0.01%"
"214","Animal secretion","Chlorobi",683,"0.01%"
"215","Animal secretion","Chloroflexi",5634,"0.08%"
"216","Animal secretion","Crenarchaeota",1,"0%"
"217","Animal secretion","Cyanobacteria",46048,"0.62%"
"218","Animal secretion","Deferribacteres",48,"0%"
"219","Animal secretion","Deinococcus-Thermus",5777,"0.08%"
"220","Animal secretion","Elusimicrobia",36,"0%"
"221","Animal secretion","Euryarchaeota",842,"0.01%"
"222","Animal secretion","Fibrobacteres",21,"0%"
"223","Animal secretion","Firmicutes",2390653,"31.94%"
"224","Animal secretion","Fusobacteria",309677,"4.14%"
"225","Animal secretion","Gemmatimonadetes",3799,"0.05%"
"226","Animal secretion","GOUTA4",2,"0%"
"227","Animal secretion","Gracilibacteria",917,"0.01%"
"228","Animal secretion","Hydrogenedentes",241,"0%"
"229","Animal secretion","JL-ETNP-Z39",17,"0%"
"230","Animal secretion","Latescibacteria",56,"0%"
"231","Animal secretion","LCP-89",1,"0%"
"232","Animal secretion","Lentisphaerae",162,"0%"
"233","Animal secretion","Marinimicrobia (SAR406 clade)",471,"0.01%"
"234","Animal secretion","Microgenomates",49,"0%"
"235","Animal secretion","Miscellaneous Crenarchaeotic Group",17,"0%"
"236","Animal secretion","Nitrospirae",786,"0.01%"
"237","Animal secretion","OC31",1,"0%"
"238","Animal secretion","Omnitrophica",1,"0%"
"239","Animal secretion","Parcubacteria",160,"0%"
"240","Animal secretion","PAUC34f",2,"0%"
"241","Animal secretion","Planctomycetes",3125,"0.04%"
"242","Animal secretion","Proteobacteria",2792267,"37.3%"
"243","Animal secretion","Saccharibacteria",6599,"0.09%"
"244","Animal secretion","SHA-109",31,"0%"
"245","Animal secretion","SM2F11",15,"0%"
"246","Animal secretion","Spirochaetae",7108,"0.09%"
"247","Animal secretion","Synergistetes",967,"0.01%"
"248","Animal secretion","TA06",17,"0%"
"249","Animal secretion","Tenericutes",148187,"1.98%"
"250","Animal secretion","Thaumarchaeota",627,"0.01%"
"251","Animal secretion","TM6",61,"0%"
"252","Animal secretion","Verrucomicrobia",6691,"0.09%"
"253","Animal secretion","WCHB1-60",29,"0%"
"254","Animal secretion","WD272",25,"0%"
"255","Animal secretion","Woesearchaeota (DHVEG-6)",18,"0%"
"256","Animal surface","Acidobacteria",22815,"0.24%"
"257","Animal surface","Actinobacteria",1195171,"12.54%"
"258","Animal surface","Aerophobetes",2,"0%"
"259","Animal surface","Aminicenantes",13,"0%"
"260","Animal surface","aquifer1",797,"0.01%"
"261","Animal surface","Armatimonadetes",4434,"0.05%"
"262","Animal surface","Atribacteria",29,"0%"
"263","Animal surface","Bacteroidetes",939832,"9.86%"
"264","Animal surface","Caldiserica",4,"0%"
"265","Animal surface","Candidate division OP3",13,"0%"
"266","Animal surface","Candidate division SR1",796,"0.01%"
"267","Animal surface","Chlamydiae",334,"0%"
"268","Animal surface","Chlorobi",908,"0.01%"
"269","Animal surface","Chloroflexi",10418,"0.11%"
"270","Animal surface","CKC4",26,"0%"
"271","Animal surface","Cloacimonetes",4,"0%"
"272","Animal surface","Cyanobacteria",208679,"2.19%"
"273","Animal surface","Deferribacteres",72,"0%"
"274","Animal surface","Deinococcus-Thermus",8109,"0.09%"
"275","Animal surface","Elusimicrobia",157,"0%"
"276","Animal surface","Euryarchaeota",937,"0.01%"
"277","Animal surface","Fibrobacteres",157,"0%"
"278","Animal surface","Firmicutes",1931918,"20.27%"
"279","Animal surface","Fusobacteria",107148,"1.12%"
"280","Animal surface","GAL08",1,"0%"
"281","Animal surface","Gemmatimonadetes",8330,"0.09%"
"282","Animal surface","GOUTA4",1,"0%"
"283","Animal surface","Gracilibacteria",360,"0%"
"284","Animal surface","Hydrogenedentes",500,"0.01%"
"285","Animal surface","JL-ETNP-Z39",17,"0%"
"286","Animal surface","Latescibacteria",170,"0%"
"287","Animal surface","LCP-89",1,"0%"
"288","Animal surface","Lentisphaerae",946,"0.01%"
"289","Animal surface","Marine Hydrothermal Vent Group(MHVG)",5,"0%"
"290","Animal surface","Marinimicrobia (SAR406 clade)",42,"0%"
"291","Animal surface","Microgenomates",11,"0%"
"292","Animal surface","Miscellaneous Crenarchaeotic Group",17,"0%"
"293","Animal surface","Nitrospirae",1271,"0.01%"
"294","Animal surface","OC31",1,"0%"
"295","Animal surface","Omnitrophica",48,"0%"
"296","Animal surface","Parcubacteria",45,"0%"
"297","Animal surface","PAUC34f",186,"0%"
"298","Animal surface","Planctomycetes",11390,"0.12%"
"299","Animal surface","Proteobacteria",4884024,"51.25%"
"300","Animal surface","RsaHF231",11,"0%"
"301","Animal surface","Saccharibacteria",433,"0%"
"302","Animal surface","SHA-109",688,"0.01%"
"303","Animal surface","SM2F11",8,"0%"
"304","Animal surface","Spirochaetae",2301,"0.02%"
"305","Animal surface","Synergistetes",351,"0%"
"306","Animal surface","TA06",188,"0%"
"307","Animal surface","Tenericutes",153480,"1.61%"
"308","Animal surface","Thaumarchaeota",1351,"0.01%"
"309","Animal surface","Thermotogae",17,"0%"
"310","Animal surface","TM6",239,"0%"
"311","Animal surface","uncultured archaeon",1,"0%"
"312","Animal surface","Verrucomicrobia",30320,"0.32%"
"313","Animal surface","WCHB1-60",158,"0%"
"314","Animal surface","WD272",161,"0%"
"315","Animal surface","Woesearchaeota (DHVEG-6)",17,"0%"
"316","Hypersaline (saline)","Acetothermia",3106,"0.34%"
"317","Hypersaline (saline)","Acidobacteria",19360,"2.09%"
"318","Hypersaline (saline)","Actinobacteria",47574,"5.15%"
"319","Hypersaline (saline)","Aenigmarchaeota",210,"0.02%"
"320","Hypersaline (saline)","Aerophobetes",77,"0.01%"
"321","Hypersaline (saline)","Aminicenantes",1274,"0.14%"
"322","Hypersaline (saline)","Armatimonadetes",1078,"0.12%"
"323","Hypersaline (saline)","Atribacteria",82,"0.01%"
"324","Hypersaline (saline)","Bacteroidetes",114614,"12.4%"
"325","Hypersaline (saline)","Caldiserica",1,"0%"
"326","Hypersaline (saline)","Candidate division OP3",364,"0.04%"
"327","Hypersaline (saline)","Candidate division SR1",34,"0%"
"328","Hypersaline (saline)","Chlamydiae",15,"0%"
"329","Hypersaline (saline)","Chlorobi",462,"0.05%"
"330","Hypersaline (saline)","Chloroflexi",18848,"2.04%"
"331","Hypersaline (saline)","Cloacimonetes",26,"0%"
"332","Hypersaline (saline)","Crenarchaeota",1,"0%"
"333","Hypersaline (saline)","Cyanobacteria",8149,"0.88%"
"334","Hypersaline (saline)","Deferribacteres",394,"0.04%"
"335","Hypersaline (saline)","Deinococcus-Thermus",4400,"0.48%"
"336","Hypersaline (saline)","Elusimicrobia",107,"0.01%"
"337","Hypersaline (saline)","Euryarchaeota",304473,"32.95%"
"338","Hypersaline (saline)","Fibrobacteres",330,"0.04%"
"339","Hypersaline (saline)","Firmicutes",6631,"0.72%"
"340","Hypersaline (saline)","Fusobacteria",77,"0.01%"
"341","Hypersaline (saline)","GAL08",1,"0%"
"342","Hypersaline (saline)","Gemmatimonadetes",4860,"0.53%"
"343","Hypersaline (saline)","Gracilibacteria",119,"0.01%"
"344","Hypersaline (saline)","Hyd24-12",508,"0.05%"
"345","Hypersaline (saline)","Hydrogenedentes",165,"0.02%"
"346","Hypersaline (saline)","JL-ETNP-Z39",27,"0%"
"347","Hypersaline (saline)","Kazan-3B-09",5,"0%"
"348","Hypersaline (saline)","Latescibacteria",1358,"0.15%"
"349","Hypersaline (saline)","LCP-89",80,"0.01%"
"350","Hypersaline (saline)","LD1-PA38",6,"0%"
"351","Hypersaline (saline)","Lentisphaerae",3160,"0.34%"
"352","Hypersaline (saline)","Marinimicrobia (SAR406 clade)",1611,"0.17%"
"353","Hypersaline (saline)","Microgenomates",29,"0%"
"354","Hypersaline (saline)","Miscellaneous Crenarchaeotic Group",279,"0.03%"
"355","Hypersaline (saline)","Nanohaloarchaeota",1761,"0.19%"
"356","Hypersaline (saline)","Nitrospirae",1651,"0.18%"
"357","Hypersaline (saline)","Omnitrophica",306,"0.03%"
"358","Hypersaline (saline)","Parcubacteria",400,"0.04%"
"359","Hypersaline (saline)","PAUC34f",147,"0.02%"
"360","Hypersaline (saline)","Planctomycetes",12674,"1.37%"
"361","Hypersaline (saline)","Proteobacteria",333511,"36.09%"
"362","Hypersaline (saline)","Saccharibacteria",1,"0%"
"363","Hypersaline (saline)","SHA-109",14,"0%"
"364","Hypersaline (saline)","Spirochaetae",5920,"0.64%"
"365","Hypersaline (saline)","TA06",1053,"0.11%"
"366","Hypersaline (saline)","Tenericutes",13494,"1.46%"
"367","Hypersaline (saline)","Thaumarchaeota",5658,"0.61%"
"368","Hypersaline (saline)","Thermotogae",12,"0%"
"369","Hypersaline (saline)","TM6",59,"0.01%"
"370","Hypersaline (saline)","Verrucomicrobia",2701,"0.29%"
"371","Hypersaline (saline)","WD272",2,"0%"
"372","Hypersaline (saline)","Woesearchaeota (DHVEG-6)",920,"0.1%"
"373","Plant corpus","Acetothermia",11,"0%"
"374","Plant corpus","Acidobacteria",11648,"0.07%"
"375","Plant corpus","Actinobacteria",403923,"2.53%"
"376","Plant corpus","Aerophobetes",140,"0%"
"377","Plant corpus","Aminicenantes",218,"0%"
"378","Plant corpus","aquifer1",9,"0%"
"379","Plant corpus","Aquificae",1,"0%"
"380","Plant corpus","Armatimonadetes",1494,"0.01%"
"381","Plant corpus","Atribacteria",291,"0%"
"382","Plant corpus","Bacteroidetes",160603,"1.01%"
"383","Plant corpus","Candidate division OP3",21,"0%"
"384","Plant corpus","Candidate division SR1",15,"0%"
"385","Plant corpus","Chlamydiae",48,"0%"
"386","Plant corpus","Chlorobi",139,"0%"
"387","Plant corpus","Chloroflexi",3944,"0.02%"
"388","Plant corpus","Cyanobacteria",12360725,"77.48%"
"389","Plant corpus","Deferribacteres",34,"0%"
"390","Plant corpus","Deinococcus-Thermus",1869,"0.01%"
"391","Plant corpus","Elusimicrobia",8,"0%"
"392","Plant corpus","Euryarchaeota",293,"0%"
"393","Plant corpus","Fibrobacteres",71,"0%"
"394","Plant corpus","Firmicutes",177325,"1.11%"
"395","Plant corpus","Fusobacteria",12825,"0.08%"
"396","Plant corpus","Gemmatimonadetes",1787,"0.01%"
"397","Plant corpus","Gracilibacteria",15,"0%"
"398","Plant corpus","Hydrogenedentes",122,"0%"
"399","Plant corpus","JL-ETNP-Z39",21,"0%"
"400","Plant corpus","Latescibacteria",14,"0%"
"401","Plant corpus","Lentisphaerae",25,"0%"
"402","Plant corpus","Marinimicrobia (SAR406 clade)",11,"0%"
"403","Plant corpus","Microgenomates",11,"0%"
"404","Plant corpus","Miscellaneous Crenarchaeotic Group",8,"0%"
"405","Plant corpus","Nitrospirae",427,"0%"
"406","Plant corpus","Omnitrophica",40,"0%"
"407","Plant corpus","Parcubacteria",2,"0%"
"408","Plant corpus","Planctomycetes",3647,"0.02%"
"409","Plant corpus","Proteobacteria",2799980,"17.55%"
"410","Plant corpus","Saccharibacteria",246,"0%"
"411","Plant corpus","SHA-109",28,"0%"
"412","Plant corpus","SM2F11",1,"0%"
"413","Plant corpus","Spirochaetae",207,"0%"
"414","Plant corpus","Synergistetes",41,"0%"
"415","Plant corpus","TA06",6,"0%"
"416","Plant corpus","Tenericutes",3237,"0.02%"
"417","Plant corpus","Thaumarchaeota",3763,"0.02%"
"418","Plant corpus","Thermotogae",1,"0%"
"419","Plant corpus","TM6",37,"0%"
"420","Plant corpus","Verrucomicrobia",3973,"0.02%"
"421","Plant corpus","WCHB1-60",34,"0%"
"422","Plant corpus","WD272",1,"0%"
"423","Plant corpus","Woesearchaeota (DHVEG-6)",2,"0%"
"424","Plant rhizosphere","Acidobacteria",1845110,"14.46%"
"425","Plant rhizosphere","Actinobacteria",591199,"4.63%"
"426","Plant rhizosphere","Aenigmarchaeota",369,"0%"
"427","Plant rhizosphere","Aerophobetes",391,"0%"
"428","Plant rhizosphere","Aminicenantes",2904,"0.02%"
"429","Plant rhizosphere","Armatimonadetes",53517,"0.42%"
"430","Plant rhizosphere","Atribacteria",1,"0%"
"431","Plant rhizosphere","Bacteroidetes",1274309,"9.99%"
"432","Plant rhizosphere","Caldiserica",334,"0%"
"433","Plant rhizosphere","Candidate division OP3",7632,"0.06%"
"434","Plant rhizosphere","Candidate division SR1",504,"0%"
"435","Plant rhizosphere","Chlamydiae",4828,"0.04%"
"436","Plant rhizosphere","Chlorobi",146367,"1.15%"
"437","Plant rhizosphere","Chloroflexi",553957,"4.34%"
"438","Plant rhizosphere","CKC4",2,"0%"
"439","Plant rhizosphere","Cloacimonetes",186,"0%"
"440","Plant rhizosphere","Cyanobacteria",422028,"3.31%"
"441","Plant rhizosphere","Deferribacteres",316,"0%"
"442","Plant rhizosphere","Deinococcus-Thermus",4420,"0.03%"
"443","Plant rhizosphere","Diapherotrites",4,"0%"
"444","Plant rhizosphere","Dictyoglomi",2,"0%"
"445","Plant rhizosphere","Elusimicrobia",28048,"0.22%"
"446","Plant rhizosphere","Euryarchaeota",105898,"0.83%"
"447","Plant rhizosphere","Fibrobacteres",19751,"0.15%"
"448","Plant rhizosphere","Firmicutes",264820,"2.08%"
"449","Plant rhizosphere","Fusobacteria",615,"0%"
"450","Plant rhizosphere","GAL08",120,"0%"
"451","Plant rhizosphere","Gemmatimonadetes",193921,"1.52%"
"452","Plant rhizosphere","GOUTA4",5137,"0.04%"
"453","Plant rhizosphere","Gracilibacteria",1531,"0.01%"
"454","Plant rhizosphere","Hydrogenedentes",4302,"0.03%"
"455","Plant rhizosphere","JL-ETNP-Z39",432,"0%"
"456","Plant rhizosphere","Kazan-3B-09",48,"0%"
"457","Plant rhizosphere","Latescibacteria",41768,"0.33%"
"458","Plant rhizosphere","Lentisphaerae",4903,"0.04%"
"459","Plant rhizosphere","Marine Hydrothermal Vent Group(MHVG)",17,"0%"
"460","Plant rhizosphere","Marinimicrobia (SAR406 clade)",142,"0%"
"461","Plant rhizosphere","Microgenomates",2187,"0.02%"
"462","Plant rhizosphere","Miscellaneous Crenarchaeotic Group",18573,"0.15%"
"463","Plant rhizosphere","Miscellaneous Euryarchaeotic Group(MEG)",32,"0%"
"464","Plant rhizosphere","Nitrospirae",187989,"1.47%"
"465","Plant rhizosphere","OC31",10,"0%"
"466","Plant rhizosphere","Omnitrophica",6420,"0.05%"
"467","Plant rhizosphere","Parcubacteria",5648,"0.04%"
"468","Plant rhizosphere","Parvarchaeota",829,"0.01%"
"469","Plant rhizosphere","PAUC34f",228,"0%"
"470","Plant rhizosphere","Planctomycetes",313880,"2.46%"
"471","Plant rhizosphere","Proteobacteria",5742756,"45.02%"
"472","Plant rhizosphere","Saccharibacteria",883,"0.01%"
"473","Plant rhizosphere","SHA-109",465,"0%"
"474","Plant rhizosphere","SM1K20",774,"0.01%"
"475","Plant rhizosphere","SM2F11",2753,"0.02%"
"476","Plant rhizosphere","Spirochaetae",64318,"0.5%"
"477","Plant rhizosphere","Synergistetes",26,"0%"
"478","Plant rhizosphere","TA06",4950,"0.04%"
"479","Plant rhizosphere","Tenericutes",265,"0%"
"480","Plant rhizosphere","Thaumarchaeota",75252,"0.59%"
"481","Plant rhizosphere","Thermotogae",306,"0%"
"482","Plant rhizosphere","TM6",3307,"0.03%"
"483","Plant rhizosphere","Verrucomicrobia",733698,"5.75%"
"484","Plant rhizosphere","WCHB1-60",2797,"0.02%"
"485","Plant rhizosphere","WD272",87,"0%"
"486","Plant rhizosphere","Woesearchaeota (DHVEG-6)",8614,"0.07%"
"487","Plant surface","Acidobacteria",72806,"0.56%"
"488","Plant surface","Actinobacteria",588202,"4.53%"
"489","Plant surface","Aerophobetes",29,"0%"
"490","Plant surface","Armatimonadetes",1164,"0.01%"
"491","Plant surface","Atribacteria",1,"0%"
"492","Plant surface","Bacteroidetes",2114039,"16.27%"
"493","Plant surface","Candidate division OP3",34,"0%"
"494","Plant surface","Candidate division SR1",68,"0%"
"495","Plant surface","Chlamydiae",243,"0%"
"496","Plant surface","Chlorobi",664,"0.01%"
"497","Plant surface","Chloroflexi",22062,"0.17%"
"498","Plant surface","Cloacimonetes",1,"0%"
"499","Plant surface","Cyanobacteria",741341,"5.71%"
"500","Plant surface","Deferribacteres",11,"0%"
"501","Plant surface","Deinococcus-Thermus",13449,"0.1%"
"502","Plant surface","Elusimicrobia",736,"0.01%"
"503","Plant surface","Euryarchaeota",336,"0%"
"504","Plant surface","Fibrobacteres",87,"0%"
"505","Plant surface","Firmicutes",48050,"0.37%"
"506","Plant surface","Fusobacteria",4605,"0.04%"
"507","Plant surface","Gemmatimonadetes",16626,"0.13%"
"508","Plant surface","Gracilibacteria",3973,"0.03%"
"509","Plant surface","Hydrogenedentes",16,"0%"
"510","Plant surface","JL-ETNP-Z39",3,"0%"
"511","Plant surface","Latescibacteria",2228,"0.02%"
"512","Plant surface","Lentisphaerae",497,"0%"
"513","Plant surface","Marinimicrobia (SAR406 clade)",81,"0%"
"514","Plant surface","Microgenomates",15,"0%"
"515","Plant surface","Nitrospirae",3109,"0.02%"
"516","Plant surface","Omnitrophica",128,"0%"
"517","Plant surface","Parcubacteria",287,"0%"
"518","Plant surface","PAUC34f",27,"0%"
"519","Plant surface","Planctomycetes",824288,"6.34%"
"520","Plant surface","Proteobacteria",7736640,"59.55%"
"521","Plant surface","Saccharibacteria",32,"0%"
"522","Plant surface","SHA-109",667,"0.01%"
"523","Plant surface","SM2F11",76,"0%"
"524","Plant surface","Spirochaetae",77,"0%"
"525","Plant surface","Synergistetes",1,"0%"
"526","Plant surface","TA06",1,"0%"
"527","Plant surface","Tenericutes",53,"0%"
"528","Plant surface","Thaumarchaeota",4756,"0.04%"
"529","Plant surface","Thermotogae",10,"0%"
"530","Plant surface","TM6",238,"0%"
"531","Plant surface","Verrucomicrobia",789613,"6.08%"
"532","Plant surface","WCHB1-60",107,"0%"
"533","Plant surface","WD272",18,"0%"
"534","Plant surface","Woesearchaeota (DHVEG-6)",11,"0%"
"535","Sediment (non-saline)","Acetothermia",88,"0%"
"536","Sediment (non-saline)","Acidobacteria",756499,"9.23%"
"537","Sediment (non-saline)","Actinobacteria",359605,"4.39%"
"538","Sediment (non-saline)","Aenigmarchaeota",16721,"0.2%"
"539","Sediment (non-saline)","Aerophobetes",307,"0%"
"540","Sediment (non-saline)","Aminicenantes",60421,"0.74%"
"541","Sediment (non-saline)","aquifer1",4,"0%"
"542","Sediment (non-saline)","Aquificae",2,"0%"
"543","Sediment (non-saline)","Armatimonadetes",17176,"0.21%"
"544","Sediment (non-saline)","Atribacteria",6934,"0.08%"
"545","Sediment (non-saline)","Bacteroidetes",582641,"7.11%"
"546","Sediment (non-saline)","Caldiserica",550,"0.01%"
"547","Sediment (non-saline)","Candidate division OP3",39051,"0.48%"
"548","Sediment (non-saline)","Candidate division SR1",621,"0.01%"
"549","Sediment (non-saline)","Chlamydiae",1673,"0.02%"
"550","Sediment (non-saline)","Chlorobi",94785,"1.16%"
"551","Sediment (non-saline)","Chloroflexi",405243,"4.94%"
"552","Sediment (non-saline)","CKC4",84,"0%"
"553","Sediment (non-saline)","Cloacimonetes",202,"0%"
"554","Sediment (non-saline)","Crenarchaeota",6941,"0.08%"
"555","Sediment (non-saline)","Cyanobacteria",181583,"2.21%"
"556","Sediment (non-saline)","Deferribacteres",33172,"0.4%"
"557","Sediment (non-saline)","Deinococcus-Thermus",9001,"0.11%"
"558","Sediment (non-saline)","Diapherotrites",24,"0%"
"559","Sediment (non-saline)","Dictyoglomi",1,"0%"
"560","Sediment (non-saline)","Elusimicrobia",12935,"0.16%"
"561","Sediment (non-saline)","Euryarchaeota",151630,"1.85%"
"562","Sediment (non-saline)","Fibrobacteres",5761,"0.07%"
"563","Sediment (non-saline)","Firmicutes",152958,"1.87%"
"564","Sediment (non-saline)","Fusobacteria",272,"0%"
"565","Sediment (non-saline)","GAL08",191,"0%"
"566","Sediment (non-saline)","Gemmatimonadetes",134999,"1.65%"
"567","Sediment (non-saline)","GOUTA4",2663,"0.03%"
"568","Sediment (non-saline)","Gracilibacteria",1910,"0.02%"
"569","Sediment (non-saline)","Hyd24-12",120,"0%"
"570","Sediment (non-saline)","Hydrogenedentes",4142,"0.05%"
"571","Sediment (non-saline)","JL-ETNP-Z39",677,"0.01%"
"572","Sediment (non-saline)","Kazan-3B-09",850,"0.01%"
"573","Sediment (non-saline)","Latescibacteria",43904,"0.54%"
"574","Sediment (non-saline)","LCP-89",182,"0%"
"575","Sediment (non-saline)","LD1-PA38",9,"0%"
"576","Sediment (non-saline)","Lentisphaerae",11508,"0.14%"
"577","Sediment (non-saline)","Marine Hydrothermal Vent Group(MHVG)",86,"0%"
"578","Sediment (non-saline)","Marinimicrobia (SAR406 clade)",1163,"0.01%"
"579","Sediment (non-saline)","Microgenomates",699,"0.01%"
"580","Sediment (non-saline)","Miscellaneous Crenarchaeotic Group",173745,"2.12%"
"581","Sediment (non-saline)","Miscellaneous Euryarchaeotic Group(MEG)",332,"0%"
"582","Sediment (non-saline)","Nitrospirae",292186,"3.56%"
"583","Sediment (non-saline)","OC31",2465,"0.03%"
"584","Sediment (non-saline)","Omnitrophica",6774,"0.08%"
"585","Sediment (non-saline)","Parcubacteria",4000,"0.05%"
"586","Sediment (non-saline)","Parvarchaeota",100,"0%"
"587","Sediment (non-saline)","PAUC34f",1483,"0.02%"
"588","Sediment (non-saline)","Planctomycetes",216888,"2.65%"
"589","Sediment (non-saline)","Proteobacteria",3919770,"47.81%"
"590","Sediment (non-saline)","Saccharibacteria",194,"0%"
"591","Sediment (non-saline)","SHA-109",802,"0.01%"
"592","Sediment (non-saline)","SM1K20",1308,"0.02%"
"593","Sediment (non-saline)","SM2F11",520,"0.01%"
"594","Sediment (non-saline)","Spirochaetae",25867,"0.32%"
"595","Sediment (non-saline)","Synergistetes",386,"0%"
"596","Sediment (non-saline)","TA06",38984,"0.48%"
"597","Sediment (non-saline)","Tenericutes",837,"0.01%"
"598","Sediment (non-saline)","Thaumarchaeota",71512,"0.87%"
"599","Sediment (non-saline)","Thermotogae",35,"0%"
"600","Sediment (non-saline)","TM6",3220,"0.04%"
"601","Sediment (non-saline)","uncultured archaeon",32,"0%"
"602","Sediment (non-saline)","Verrucomicrobia",321911,"3.93%"
"603","Sediment (non-saline)","WCHB1-60",717,"0.01%"
"604","Sediment (non-saline)","WD272",1612,"0.02%"
"605","Sediment (non-saline)","Woesearchaeota (DHVEG-6)",12906,"0.16%"
"606","Sediment (saline)","Acetothermia",1247,"0.01%"
"607","Sediment (saline)","Acidobacteria",590604,"4.29%"
"608","Sediment (saline)","Actinobacteria",327052,"2.38%"
"609","Sediment (saline)","Aenigmarchaeota",329,"0%"
"610","Sediment (saline)","Aerophobetes",35502,"0.26%"
"611","Sediment (saline)","Aigarchaeota",21,"0%"
"612","Sediment (saline)","Aminicenantes",24317,"0.18%"
"613","Sediment (saline)","Ancient Archaeal Group(AAG)",1347,"0.01%"
"614","Sediment (saline)","aquifer1",2140,"0.02%"
"615","Sediment (saline)","Armatimonadetes",7397,"0.05%"
"616","Sediment (saline)","Atribacteria",983436,"7.15%"
"617","Sediment (saline)","Bacteroidetes",1490460,"10.83%"
"618","Sediment (saline)","Caldiserica",326,"0%"
"619","Sediment (saline)","Candidate division OP3",12604,"0.09%"
"620","Sediment (saline)","Candidate division SR1",1575,"0.01%"
"621","Sediment (saline)","Chlamydiae",2675,"0.02%"
"622","Sediment (saline)","Chlorobi",50015,"0.36%"
"623","Sediment (saline)","Chloroflexi",380903,"2.77%"
"624","Sediment (saline)","Chrysiogenetes",1,"0%"
"625","Sediment (saline)","CKC4",19,"0%"
"626","Sediment (saline)","Cloacimonetes",3226,"0.02%"
"627","Sediment (saline)","Crenarchaeota",1,"0%"
"628","Sediment (saline)","Cyanobacteria",245168,"1.78%"
"629","Sediment (saline)","Deferribacteres",27461,"0.2%"
"630","Sediment (saline)","Deinococcus-Thermus",6808,"0.05%"
"631","Sediment (saline)","Diapherotrites",33,"0%"
"632","Sediment (saline)","Dictyoglomi",4,"0%"
"633","Sediment (saline)","Elusimicrobia",5105,"0.04%"
"634","Sediment (saline)","Euryarchaeota",157748,"1.15%"
"635","Sediment (saline)","Fibrobacteres",7873,"0.06%"
"636","Sediment (saline)","Firmicutes",444452,"3.23%"
"637","Sediment (saline)","Fusobacteria",24249,"0.18%"
"638","Sediment (saline)","GAL08",4,"0%"
"639","Sediment (saline)","Gemmatimonadetes",76145,"0.55%"
"640","Sediment (saline)","GOUTA4",311,"0%"
"641","Sediment (saline)","Gracilibacteria",6211,"0.05%"
"642","Sediment (saline)","Hyd24-12",8991,"0.07%"
"643","Sediment (saline)","Hydrogenedentes",7288,"0.05%"
"644","Sediment (saline)","JL-ETNP-Z39",708,"0.01%"
"645","Sediment (saline)","Kazan-3B-09",1497,"0.01%"
"646","Sediment (saline)","Latescibacteria",51000,"0.37%"
"647","Sediment (saline)","LCP-89",1100,"0.01%"
"648","Sediment (saline)","LD1-PA38",247,"0%"
"649","Sediment (saline)","Lentisphaerae",55618,"0.4%"
"650","Sediment (saline)","Marine Hydrothermal Vent Group(MHVG)",2390,"0.02%"
"651","Sediment (saline)","Marinimicrobia (SAR406 clade)",18059,"0.13%"
"652","Sediment (saline)","Microgenomates",2871,"0.02%"
"653","Sediment (saline)","Miscellaneous Crenarchaeotic Group",6267,"0.05%"
"654","Sediment (saline)","Miscellaneous Euryarchaeotic Group(MEG)",19,"0%"
"655","Sediment (saline)","Nanohaloarchaeota",173,"0%"
"656","Sediment (saline)","Nitrospirae",44673,"0.32%"
"657","Sediment (saline)","OC31",252,"0%"
"658","Sediment (saline)","Omnitrophica",5867,"0.04%"
"659","Sediment (saline)","Parcubacteria",7781,"0.06%"
"660","Sediment (saline)","Parvarchaeota",2,"0%"
"661","Sediment (saline)","PAUC34f",3410,"0.02%"
"662","Sediment (saline)","Planctomycetes",216790,"1.58%"
"663","Sediment (saline)","Proteobacteria",7667735,"55.72%"
"664","Sediment (saline)","RsaHF231",6,"0%"
"665","Sediment (saline)","Saccharibacteria",348,"0%"
"666","Sediment (saline)","SBYG-2791",5,"0%"
"667","Sediment (saline)","SHA-109",1435,"0.01%"
"668","Sediment (saline)","SM1K20",14,"0%"
"669","Sediment (saline)","SM2F11",305,"0%"
"670","Sediment (saline)","Spirochaetae",71715,"0.52%"
"671","Sediment (saline)","Synergistetes",530,"0%"
"672","Sediment (saline)","TA06",16875,"0.12%"
"673","Sediment (saline)","Tenericutes",16848,"0.12%"
"674","Sediment (saline)","Thaumarchaeota",183805,"1.34%"
"675","Sediment (saline)","Thermotogae",223,"0%"
"676","Sediment (saline)","TM6",4990,"0.04%"
"677","Sediment (saline)","uncultured archaeon",1217,"0.01%"
"678","Sediment (saline)","uncultured bacterium",39,"0%"
"679","Sediment (saline)","Verrucomicrobia",410560,"2.98%"
"680","Sediment (saline)","WCHB1-60",527,"0%"
"681","Sediment (saline)","WD272",650,"0%"
"682","Sediment (saline)","Woesearchaeota (DHVEG-6)",32339,"0.23%"
"683","Soil (non-saline)","Acidobacteria",2745324,"19.61%"
"684","Soil (non-saline)","Actinobacteria",1243107,"8.88%"
"685","Soil (non-saline)","Aenigmarchaeota",60,"0%"
"686","Soil (non-saline)","Aerophobetes",562,"0%"
"687","Soil (non-saline)","Aigarchaeota",4043,"0.03%"
"688","Soil (non-saline)","Aminicenantes",965,"0.01%"
"689","Soil (non-saline)","aquifer1",56,"0%"
"690","Soil (non-saline)","Aquificae",15461,"0.11%"
"691","Soil (non-saline)","Armatimonadetes",50162,"0.36%"
"692","Soil (non-saline)","Atribacteria",174,"0%"
"693","Soil (non-saline)","Bacteroidetes",1567432,"11.19%"
"694","Soil (non-saline)","Caldiserica",4530,"0.03%"
"695","Soil (non-saline)","Candidate division OP3",4211,"0.03%"
"696","Soil (non-saline)","Candidate division SR1",440,"0%"
"697","Soil (non-saline)","Chlamydiae",8301,"0.06%"
"698","Soil (non-saline)","Chlorobi",46480,"0.33%"
"699","Soil (non-saline)","Chloroflexi",290621,"2.08%"
"700","Soil (non-saline)","CKC4",2,"0%"
"701","Soil (non-saline)","Cloacimonetes",24,"0%"
"702","Soil (non-saline)","Crenarchaeota",17393,"0.12%"
"703","Soil (non-saline)","Cyanobacteria",108375,"0.77%"
"704","Soil (non-saline)","Deferribacteres",160,"0%"
"705","Soil (non-saline)","Deinococcus-Thermus",6083,"0.04%"
"706","Soil (non-saline)","Diapherotrites",1,"0%"
"707","Soil (non-saline)","Dictyoglomi",1,"0%"
"708","Soil (non-saline)","Elusimicrobia",27753,"0.2%"
"709","Soil (non-saline)","Euryarchaeota",17627,"0.13%"
"710","Soil (non-saline)","Fibrobacteres",7907,"0.06%"
"711","Soil (non-saline)","Firmicutes",713447,"5.1%"
"712","Soil (non-saline)","Fusobacteria",12458,"0.09%"
"713","Soil (non-saline)","GAL08",44,"0%"
"714","Soil (non-saline)","Gemmatimonadetes",298450,"2.13%"
"715","Soil (non-saline)","GOUTA4",477,"0%"
"716","Soil (non-saline)","Gracilibacteria",397,"0%"
"717","Soil (non-saline)","Hyd24-12",1,"0%"
"718","Soil (non-saline)","Hydrogenedentes",2145,"0.02%"
"719","Soil (non-saline)","JL-ETNP-Z39",1827,"0.01%"
"720","Soil (non-saline)","Kazan-3B-09",7,"0%"
"721","Soil (non-saline)","Latescibacteria",31882,"0.23%"
"722","Soil (non-saline)","Lentisphaerae",3993,"0.03%"
"723","Soil (non-saline)","Marine Hydrothermal Vent Group(MHVG)",2,"0%"
"724","Soil (non-saline)","Marinimicrobia (SAR406 clade)",32,"0%"
"725","Soil (non-saline)","Microgenomates",1888,"0.01%"
"726","Soil (non-saline)","Miscellaneous Crenarchaeotic Group",3186,"0.02%"
"727","Soil (non-saline)","Miscellaneous Euryarchaeotic Group(MEG)",17,"0%"
"728","Soil (non-saline)","Nitrospirae",122150,"0.87%"
"729","Soil (non-saline)","OC31",2,"0%"
"730","Soil (non-saline)","Omnitrophica",2620,"0.02%"
"731","Soil (non-saline)","Parcubacteria",3130,"0.02%"
"732","Soil (non-saline)","Parvarchaeota",56,"0%"
"733","Soil (non-saline)","PAUC34f",52,"0%"
"734","Soil (non-saline)","Planctomycetes",251808,"1.8%"
"735","Soil (non-saline)","Proteobacteria",4787424,"34.19%"
"736","Soil (non-saline)","RsaHF231",3,"0%"
"737","Soil (non-saline)","Saccharibacteria",1394,"0.01%"
"738","Soil (non-saline)","SHA-109",1093,"0.01%"
"739","Soil (non-saline)","SM1K20",48,"0%"
"740","Soil (non-saline)","SM2F11",2751,"0.02%"
"741","Soil (non-saline)","Spirochaetae",5463,"0.04%"
"742","Soil (non-saline)","Synergistetes",71,"0%"
"743","Soil (non-saline)","TA06",769,"0.01%"
"744","Soil (non-saline)","Tenericutes",8464,"0.06%"
"745","Soil (non-saline)","Thaumarchaeota",96389,"0.69%"
"746","Soil (non-saline)","Thermotogae",827,"0.01%"
"747","Soil (non-saline)","TM6",5761,"0.04%"
"748","Soil (non-saline)","uncultured archaeon",246,"0%"
"749","Soil (non-saline)","Verrucomicrobia",1442243,"10.3%"
"750","Soil (non-saline)","WCHB1-60",3901,"0.03%"
"751","Soil (non-saline)","WD272",26823,"0.19%"
"752","Soil (non-saline)","Woesearchaeota (DHVEG-6)",1264,"0.01%"
"753","Surface (non-saline)","Acetothermia",1847,"0.02%"
"754","Surface (non-saline)","Acidobacteria",614776,"6.57%"
"755","Surface (non-saline)","Actinobacteria",867881,"9.28%"
"756","Surface (non-saline)","Aerophobetes",329,"0%"
"757","Surface (non-saline)","Aigarchaeota",1262,"0.01%"
"758","Surface (non-saline)","Aminicenantes",255,"0%"
"759","Surface (non-saline)","aquifer1",138,"0%"
"760","Surface (non-saline)","Aquificae",19316,"0.21%"
"761","Surface (non-saline)","Armatimonadetes",49233,"0.53%"
"762","Surface (non-saline)","Atribacteria",312,"0%"
"763","Surface (non-saline)","Bacteroidetes",648248,"6.93%"
"764","Surface (non-saline)","Caldiserica",871,"0.01%"
"765","Surface (non-saline)","Calescamantes",27,"0%"
"766","Surface (non-saline)","Candidate division OP3",2401,"0.03%"
"767","Surface (non-saline)","Candidate division SR1",5389,"0.06%"
"768","Surface (non-saline)","Candidate division WS6",3,"0%"
"769","Surface (non-saline)","Chlamydiae",24467,"0.26%"
"770","Surface (non-saline)","Chlorobi",41754,"0.45%"
"771","Surface (non-saline)","Chloroflexi",175841,"1.88%"
"772","Surface (non-saline)","CKC4",15,"0%"
"773","Surface (non-saline)","Cloacimonetes",8,"0%"
"774","Surface (non-saline)","Crenarchaeota",1,"0%"
"775","Surface (non-saline)","Cyanobacteria",480236,"5.14%"
"776","Surface (non-saline)","Deferribacteres",836,"0.01%"
"777","Surface (non-saline)","Deinococcus-Thermus",39626,"0.42%"
"778","Surface (non-saline)","Diapherotrites",96,"0%"
"779","Surface (non-saline)","Dictyoglomi",1,"0%"
"780","Surface (non-saline)","Elusimicrobia",3787,"0.04%"
"781","Surface (non-saline)","Euryarchaeota",5388,"0.06%"
"782","Surface (non-saline)","Fibrobacteres",607,"0.01%"
"783","Surface (non-saline)","Firmicutes",1145655,"12.25%"
"784","Surface (non-saline)","Fusobacteria",60652,"0.65%"
"785","Surface (non-saline)","GAL08",85,"0%"
"786","Surface (non-saline)","Gemmatimonadetes",69596,"0.74%"
"787","Surface (non-saline)","GOUTA4",119,"0%"
"788","Surface (non-saline)","Gracilibacteria",2848,"0.03%"
"789","Surface (non-saline)","Hyd24-12",49,"0%"
"790","Surface (non-saline)","Hydrogenedentes",2173,"0.02%"
"791","Surface (non-saline)","JL-ETNP-Z39",210,"0%"
"792","Surface (non-saline)","Kazan-3B-09",16,"0%"
"793","Surface (non-saline)","Latescibacteria",21691,"0.23%"
"794","Surface (non-saline)","LCP-89",58,"0%"
"795","Surface (non-saline)","Lentisphaerae",3243,"0.03%"
"796","Surface (non-saline)","Marinimicrobia (SAR406 clade)",123,"0%"
"797","Surface (non-saline)","Microgenomates",1006,"0.01%"
"798","Surface (non-saline)","Miscellaneous Crenarchaeotic Group",26,"0%"
"799","Surface (non-saline)","Miscellaneous Euryarchaeotic Group(MEG)",495,"0.01%"
"800","Surface (non-saline)","Nitrospirae",148422,"1.59%"
"801","Surface (non-saline)","OC31",5,"0%"
"802","Surface (non-saline)","Omnitrophica",1408,"0.02%"
"803","Surface (non-saline)","Parcubacteria",3071,"0.03%"
"804","Surface (non-saline)","Parvarchaeota",9,"0%"
"805","Surface (non-saline)","PAUC34f",213,"0%"
"806","Surface (non-saline)","Planctomycetes",169615,"1.81%"
"807","Surface (non-saline)","Proteobacteria",4195241,"44.86%"
"808","Surface (non-saline)","RsaHF231",1,"0%"
"809","Surface (non-saline)","S2R-29",1657,"0.02%"
"810","Surface (non-saline)","Saccharibacteria",460,"0%"
"811","Surface (non-saline)","SHA-109",494,"0.01%"
"812","Surface (non-saline)","SM1K20",1,"0%"
"813","Surface (non-saline)","SM2F11",1416,"0.02%"
"814","Surface (non-saline)","Spirochaetae",1937,"0.02%"
"815","Surface (non-saline)","Synergistetes",67,"0%"
"816","Surface (non-saline)","TA06",4826,"0.05%"
"817","Surface (non-saline)","Tenericutes",285008,"3.05%"
"818","Surface (non-saline)","Thaumarchaeota",35957,"0.38%"
"819","Surface (non-saline)","Thermodesulfobacteria",4,"0%"
"820","Surface (non-saline)","Thermotogae",11029,"0.12%"
"821","Surface (non-saline)","TM6",6330,"0.07%"
"822","Surface (non-saline)","uncultured archaeon",1,"0%"
"823","Surface (non-saline)","Verrucomicrobia",189643,"2.03%"
"824","Surface (non-saline)","WCHB1-60",421,"0%"
"825","Surface (non-saline)","WD272",152,"0%"
"826","Surface (non-saline)","Woesearchaeota (DHVEG-6)",610,"0.01%"
"827","Surface (saline)","Acetothermia",8257,"0.05%"
"828","Surface (saline)","Acidobacteria",160810,"0.9%"
"829","Surface (saline)","Actinobacteria",586234,"3.28%"
"830","Surface (saline)","Aenigmarchaeota",24,"0%"
"831","Surface (saline)","Aerophobetes",435,"0%"
"832","Surface (saline)","Aminicenantes",1391,"0.01%"
"833","Surface (saline)","Ancient Archaeal Group(AAG)",2,"0%"
"834","Surface (saline)","aquifer1",45,"0%"
"835","Surface (saline)","Aquificae",12605,"0.07%"
"836","Surface (saline)","Armatimonadetes",14484,"0.08%"
"837","Surface (saline)","Atribacteria",3530,"0.02%"
"838","Surface (saline)","Bacteroidetes",2444346,"13.66%"
"839","Surface (saline)","Caldiserica",22,"0%"
"840","Surface (saline)","Candidate division OP3",6423,"0.04%"
"841","Surface (saline)","Candidate division SR1",1490,"0.01%"
"842","Surface (saline)","Chlamydiae",962,"0.01%"
"843","Surface (saline)","Chlorobi",21168,"0.12%"
"844","Surface (saline)","Chloroflexi",95925,"0.54%"
"845","Surface (saline)","CKC4",5,"0%"
"846","Surface (saline)","Cloacimonetes",723,"0%"
"847","Surface (saline)","Cyanobacteria",2678289,"14.97%"
"848","Surface (saline)","Deferribacteres",12332,"0.07%"
"849","Surface (saline)","Deinococcus-Thermus",5101,"0.03%"
"850","Surface (saline)","Diapherotrites",7,"0%"
"851","Surface (saline)","Dictyoglomi",10,"0%"
"852","Surface (saline)","Elusimicrobia",1933,"0.01%"
"853","Surface (saline)","Euryarchaeota",12863,"0.07%"
"854","Surface (saline)","Fibrobacteres",2937,"0.02%"
"855","Surface (saline)","Firmicutes",1200575,"6.71%"
"856","Surface (saline)","Fusobacteria",22255,"0.12%"
"857","Surface (saline)","Gemmatimonadetes",31259,"0.17%"
"858","Surface (saline)","GOUTA4",38,"0%"
"859","Surface (saline)","Gracilibacteria",12179,"0.07%"
"860","Surface (saline)","Hyd24-12",453,"0%"
"861","Surface (saline)","Hydrogenedentes",2088,"0.01%"
"862","Surface (saline)","JL-ETNP-Z39",290,"0%"
"863","Surface (saline)","Kazan-3B-09",107,"0%"
"864","Surface (saline)","Latescibacteria",13076,"0.07%"
"865","Surface (saline)","LCP-89",52,"0%"
"866","Surface (saline)","LD1-PA38",80,"0%"
"867","Surface (saline)","Lentisphaerae",29810,"0.17%"
"868","Surface (saline)","Marine Hydrothermal Vent Group(MHVG)",33,"0%"
"869","Surface (saline)","Marinimicrobia (SAR406 clade)",5087,"0.03%"
"870","Surface (saline)","Microgenomates",288,"0%"
"871","Surface (saline)","Miscellaneous Crenarchaeotic Group",429,"0%"
"872","Surface (saline)","Miscellaneous Euryarchaeotic Group(MEG)",3,"0%"
"873","Surface (saline)","Nitrospirae",154614,"0.86%"
"874","Surface (saline)","OC31",19,"0%"
"875","Surface (saline)","Omnitrophica",32428,"0.18%"
"876","Surface (saline)","Parcubacteria",7031,"0.04%"
"877","Surface (saline)","Parvarchaeota",7,"0%"
"878","Surface (saline)","PAUC34f",1307,"0.01%"
"879","Surface (saline)","Planctomycetes",389389,"2.18%"
"880","Surface (saline)","Proteobacteria",9387089,"52.47%"
"881","Surface (saline)","RsaHF231",2,"0%"
"882","Surface (saline)","Saccharibacteria",191,"0%"
"883","Surface (saline)","SHA-109",1912,"0.01%"
"884","Surface (saline)","SM1K20",7,"0%"
"885","Surface (saline)","SM2F11",436,"0%"
"886","Surface (saline)","Spirochaetae",11773,"0.07%"
"887","Surface (saline)","Synergistetes",311,"0%"
"888","Surface (saline)","TA06",890,"0%"
"889","Surface (saline)","Tenericutes",3870,"0.02%"
"890","Surface (saline)","Thaumarchaeota",34129,"0.19%"
"891","Surface (saline)","Thermotogae",118,"0%"
"892","Surface (saline)","TM6",2907,"0.02%"
"893","Surface (saline)","uncultured archaeon",225,"0%"
"894","Surface (saline)","Verrucomicrobia",464163,"2.59%"
"895","Surface (saline)","WCHB1-60",1621,"0.01%"
"896","Surface (saline)","WD272",22,"0%"
"897","Surface (saline)","Woesearchaeota (DHVEG-6)",6211,"0.03%"
"898","Water (non-saline)","Acetothermia",198,"0%"
"899","Water (non-saline)","Acidobacteria",366560,"1.81%"
"900","Water (non-saline)","Actinobacteria",3250148,"16.05%"
"901","Water (non-saline)","Aenigmarchaeota",147,"0%"
"902","Water (non-saline)","Aerophobetes",192,"0%"
"903","Water (non-saline)","Aminicenantes",18375,"0.09%"
"904","Water (non-saline)","aquifer1",89,"0%"
"905","Water (non-saline)","Armatimonadetes",33499,"0.17%"
"906","Water (non-saline)","Atribacteria",660,"0%"
"907","Water (non-saline)","Bacteroidetes",3422394,"16.9%"
"908","Water (non-saline)","Caldiserica",145,"0%"
"909","Water (non-saline)","Candidate division OP3",22010,"0.11%"
"910","Water (non-saline)","Candidate division SR1",2431,"0.01%"
"911","Water (non-saline)","Chlamydiae",8676,"0.04%"
"912","Water (non-saline)","Chlorobi",112650,"0.56%"
"913","Water (non-saline)","Chloroflexi",350766,"1.73%"
"914","Water (non-saline)","CKC4",221,"0%"
"915","Water (non-saline)","Cloacimonetes",1465,"0.01%"
"916","Water (non-saline)","Crenarchaeota",258,"0%"
"917","Water (non-saline)","Cyanobacteria",2945876,"14.55%"
"918","Water (non-saline)","Deferribacteres",1791,"0.01%"
"919","Water (non-saline)","Deinococcus-Thermus",2509,"0.01%"
"920","Water (non-saline)","Diapherotrites",68,"0%"
"921","Water (non-saline)","Dictyoglomi",7,"0%"
"922","Water (non-saline)","Elusimicrobia",13723,"0.07%"
"923","Water (non-saline)","Euryarchaeota",28563,"0.14%"
"924","Water (non-saline)","Fibrobacteres",4194,"0.02%"
"925","Water (non-saline)","Firmicutes",467255,"2.31%"
"926","Water (non-saline)","Fusobacteria",15785,"0.08%"
"927","Water (non-saline)","GAL08",65,"0%"
"928","Water (non-saline)","Gemmatimonadetes",56677,"0.28%"
"929","Water (non-saline)","GOUTA4",586,"0%"
"930","Water (non-saline)","Gracilibacteria",4122,"0.02%"
"931","Water (non-saline)","Hyd24-12",258,"0%"
"932","Water (non-saline)","Hydrogenedentes",1072,"0.01%"
"933","Water (non-saline)","JL-ETNP-Z39",28,"0%"
"934","Water (non-saline)","Kazan-3B-09",283,"0%"
"935","Water (non-saline)","Latescibacteria",11411,"0.06%"
"936","Water (non-saline)","LCP-89",218,"0%"
"937","Water (non-saline)","Lentisphaerae",12794,"0.06%"
"938","Water (non-saline)","Marine Hydrothermal Vent Group(MHVG)",6,"0%"
"939","Water (non-saline)","Marinimicrobia (SAR406 clade)",3385,"0.02%"
"940","Water (non-saline)","Microgenomates",2700,"0.01%"
"941","Water (non-saline)","Miscellaneous Crenarchaeotic Group",16909,"0.08%"
"942","Water (non-saline)","Miscellaneous Euryarchaeotic Group(MEG)",92,"0%"
"943","Water (non-saline)","Nitrospirae",41006,"0.2%"
"944","Water (non-saline)","OC31",78,"0%"
"945","Water (non-saline)","Omnitrophica",12577,"0.06%"
"946","Water (non-saline)","Parcubacteria",28041,"0.14%"
"947","Water (non-saline)","Parvarchaeota",362,"0%"
"948","Water (non-saline)","PAUC34f",438,"0%"
"949","Water (non-saline)","Planctomycetes",360535,"1.78%"
"950","Water (non-saline)","Proteobacteria",7777792,"38.41%"
"951","Water (non-saline)","RsaHF231",30,"0%"
"952","Water (non-saline)","Saccharibacteria",3273,"0.02%"
"953","Water (non-saline)","SHA-109",631,"0%"
"954","Water (non-saline)","SM1K20",716,"0%"
"955","Water (non-saline)","SM2F11",5414,"0.03%"
"956","Water (non-saline)","Spirochaetae",16512,"0.08%"
"957","Water (non-saline)","Synergistetes",211,"0%"
"958","Water (non-saline)","TA06",1999,"0.01%"
"959","Water (non-saline)","Tenericutes",1191,"0.01%"
"960","Water (non-saline)","Thaumarchaeota",16940,"0.08%"
"961","Water (non-saline)","Thermotogae",84,"0%"
"962","Water (non-saline)","TM6",6917,"0.03%"
"963","Water (non-saline)","uncultured archaeon",12,"0%"
"964","Water (non-saline)","Verrucomicrobia",779446,"3.85%"
"965","Water (non-saline)","WCHB1-60",6159,"0.03%"
"966","Water (non-saline)","WD272",188,"0%"
"967","Water (non-saline)","Woesearchaeota (DHVEG-6)",4952,"0.02%"
"968","Water (saline)","Acetothermia",263,"0%"
"969","Water (saline)","Acidobacteria",468181,"2.9%"
"970","Water (saline)","Actinobacteria",542563,"3.36%"
"971","Water (saline)","Aenigmarchaeota",19,"0%"
"972","Water (saline)","Aerophobetes",155,"0%"
"973","Water (saline)","Aigarchaeota",4,"0%"
"974","Water (saline)","Aminicenantes",1776,"0.01%"
"975","Water (saline)","Ancient Archaeal Group(AAG)",2,"0%"
"976","Water (saline)","aquifer1",1,"0%"
"977","Water (saline)","Aquificae",4,"0%"
"978","Water (saline)","Armatimonadetes",1265,"0.01%"
"979","Water (saline)","Atribacteria",706,"0%"
"980","Water (saline)","Bacteroidetes",3730714,"23.09%"
"981","Water (saline)","Caldiserica",227,"0%"
"982","Water (saline)","Candidate division OP3",6202,"0.04%"
"983","Water (saline)","Candidate division SR1",118,"0%"
"984","Water (saline)","Chlamydiae",1017,"0.01%"
"985","Water (saline)","Chlorobi",20001,"0.12%"
"986","Water (saline)","Chloroflexi",133382,"0.83%"
"987","Water (saline)","CKC4",12,"0%"
"988","Water (saline)","Cloacimonetes",8368,"0.05%"
"989","Water (saline)","Crenarchaeota",57,"0%"
"990","Water (saline)","Cyanobacteria",2059139,"12.74%"
"991","Water (saline)","Deferribacteres",4514,"0.03%"
"992","Water (saline)","Deinococcus-Thermus",774,"0%"
"993","Water (saline)","Diapherotrites",15,"0%"
"994","Water (saline)","Dictyoglomi",11,"0%"
"995","Water (saline)","Elusimicrobia",836,"0.01%"
"996","Water (saline)","Euryarchaeota",115673,"0.72%"
"997","Water (saline)","Fibrobacteres",1228,"0.01%"
"998","Water (saline)","Firmicutes",63649,"0.39%"
"999","Water (saline)","Fusobacteria",33730,"0.21%"
"1000","Water (saline)","GAL08",10,"0%"
"1001","Water (saline)","Gemmatimonadetes",14309,"0.09%"
"1002","Water (saline)","GOUTA4",106,"0%"
"1003","Water (saline)","Gracilibacteria",2284,"0.01%"
"1004","Water (saline)","Hyd24-12",1725,"0.01%"
"1005","Water (saline)","Hydrogenedentes",588,"0%"
"1006","Water (saline)","JL-ETNP-Z39",155,"0%"
"1007","Water (saline)","Kazan-3B-09",384,"0%"
"1008","Water (saline)","Latescibacteria",5747,"0.04%"
"1009","Water (saline)","LCP-89",518,"0%"
"1010","Water (saline)","LD1-PA38",2,"0%"
"1011","Water (saline)","Lentisphaerae",6995,"0.04%"
"1012","Water (saline)","Marine Hydrothermal Vent Group(MHVG)",23,"0%"
"1013","Water (saline)","Marinimicrobia (SAR406 clade)",329714,"2.04%"
"1014","Water (saline)","Microgenomates",180,"0%"
"1015","Water (saline)","Miscellaneous Crenarchaeotic Group",1505,"0.01%"
"1016","Water (saline)","Miscellaneous Euryarchaeotic Group(MEG)",3,"0%"
"1017","Water (saline)","Nitrospirae",10304,"0.06%"
"1018","Water (saline)","OC31",23,"0%"
"1019","Water (saline)","Omnitrophica",921,"0.01%"
"1020","Water (saline)","Parcubacteria",1125,"0.01%"
"1021","Water (saline)","Parvarchaeota",26,"0%"
"1022","Water (saline)","PAUC34f",4057,"0.03%"
"1023","Water (saline)","Planctomycetes",105276,"0.65%"
"1024","Water (saline)","Proteobacteria",7981764,"49.4%"
"1025","Water (saline)","RsaHF231",3,"0%"
"1026","Water (saline)","Saccharibacteria",766,"0%"
"1027","Water (saline)","SBYG-2791",16,"0%"
"1028","Water (saline)","SHA-109",331,"0%"
"1029","Water (saline)","SM1K20",45,"0%"
"1030","Water (saline)","SM2F11",79,"0%"
"1031","Water (saline)","Spirochaetae",15085,"0.09%"
"1032","Water (saline)","Synergistetes",76,"0%"
"1033","Water (saline)","TA06",2482,"0.02%"
"1034","Water (saline)","Tenericutes",2469,"0.02%"
"1035","Water (saline)","Thaumarchaeota",93841,"0.58%"
"1036","Water (saline)","Thermotogae",49,"0%"
"1037","Water (saline)","TM6",1515,"0.01%"
"1038","Water (saline)","uncultured archaeon",19,"0%"
"1039","Water (saline)","Verrucomicrobia",376298,"2.33%"
"1040","Water (saline)","WCHB1-60",41,"0%"
"1041","Water (saline)","WD272",256,"0%"
"1042","Water (saline)","Woesearchaeota (DHVEG-6)",1609,"0.01%"
